Name,Country,Links,government,1.1. App has defined lifetime,1.2. Data storage is time-limited,2.1. Opt-in download and use,2.2. Opt-in data sharing,2.3. Not tied to other benefits,3.1. Data used only for establishing contacts,3.2. No PII collection,4.1. Open source,4.2. Published privacy policy,5.1. Freely available,5.2. Android and iOS (when necessary),6.1. Decentralized storage,6.2. Can erase data,7.1. Decentralized matching,7.2. Rotating randomized beacon,"8.1. Contact accuracy (BLE, not GPS or other)",8.2. Positive cases verified by test,protocol,Installs (Google Play),Average Rating (Google Play),who_region,status,date_released,date_cancelled
COVIDSafe,Australia,https://www.health.gov.au/resources/apps-and-tools/covidsafe-app,yes,yes,21 days,yes,yes,yes,yes,no,yes,yes,yes,both,no,yes,no,yes,ble,yes,none,"1,000,000",3.1,WPRO,released,2020-04-26,
Stopp Corona,Austria,https://www.roteskreuz.at/site/faq-app-stopp-corona/datenschutzinformation-zur-stopp-corona-app/#c253470,yes,yes,14 days,yes,yes,yes,yes,yes,yes,yes,yes,android only,yes,yes,yes,yes,ble,no (self-report),Apple/Google,"100,000",3.3,EURO,released,2020-03-27,
BeAware,Bahrain,https://play.google.com/store/apps/details?id=bh.bahrain.corona.tracker,yes,no,no,no,no,no,no,no,no,no,yes,android only,no,no,no,no,gps + ebracelet,yes,none,"100,000",4.5,EMRO,released,2020-04-09,
Corona Tracer BD,Bangladesh,https://play.google.com/store/apps/details?id=com.shohoz.tracer&hl=en_US,yes,no,14 days,yes,yes,yes,no (heatmap),no,no,yes,yes,android only,yes,yes,yes,yes,ble + gps,unknown,none,"500,000",3.5,SEARO,released,2020-06-03,
Romware Radius,Belgium,https://rombit.be/covid-solutions/,no,no,14 days,no,no,no,yes,no,no,no,no,eBracelet,no,no,no,no,ebracelet,unknown,none,,,EURO,released,,
Coronalert,Belgium,https://coronalert.be/en/,yes,yes,14 days,yes,yes,yes,yes,yes,yes,yes,yes,both,yes,yes,yes,yes,ble,yes,DP3T,"1,000,000",2.8,EURO,released,2020-09-16,
WeHealth Bermuda,Bermuda,https://www.gov.bm/wehealthpilot,yes,no,14 days,yes,yes,yes,yes,yes,no,yes,yes,both,yes,yes,yes,yes,ble,yes,Apple/Google,500,,NORAM,released,2020-11-08,
Tô de Olho,Brazil,https://todeolho.mprn.mp.br/,yes,yes,no,yes,yes,unknown,no (heatmap),no,no,yes,yes,both,no,unknown,no,no,gps,unknown,none,"10,000",3.7,LATAM,released,2020-03-30,
Coronavírus - SUS,Brazil,https://www.gov.br/pt-br/apps/coronavirus-sus,yes,unknown,unknown,yes,unknown,unknown,unknown,unknown,no,no,yes,both,unknown,unknown,yes,yes,ble,yes,Apple/Google,"5,000,000",3.6,LATAM,released,2020-07-26,
ViruSafe,Bulgaria,https://virusafe.info/,yes,no,no,yes,yes,no,yes,no,yes,yes,yes,both,unknown,unknown,no,unknown,ble + gps,unknown,none,"10,000",3.5,EURO,released,2020-04-07,
Unmaze,Bulgaria,http://cyborgsys.com/unmaze/,no,no,no,unknown,unknown,unknown,unknown,unknown,no,no,no,unknown,unknown,unknown,unknown,unknown,gps + wifi,unknown,none,,,EURO,released,,
ABTraceTogether,Canada,https://www.alberta.ca/ab-trace-together-privacy.aspx,yes,yes,21 days,yes,yes,yes,yes,yes,no,yes,yes,both,no,yes,no,yes,ble,yes,OpenTrace,"100,000",1.1,NORAM,released,2020-05-01,
MyTrace,Canada,https://www.mytrace.ca/,no,unknown,28 days,yes,yes,yes,unknown,no,no,yes,yes,both,yes,yes,no,no,gps,unknown,none,,,NORAM,cancelled,,
Covi,Canada,https://covicanada.org/?gclid=CjwKCAjw8J32BRBCEiwApQEKgYT17Ril920EAZBfnUYbJWm81Q5bj-TBpwzTUtWVT0JZA1FKtUBMKhoC96sQAvD_BwE,no,yes,30 days,yes,yes,yes,yes,no,yes,yes,yes,both,yes,yes,yes,yes,ble,no (AI),none,,,NORAM,development,,
ConTrac,Canada,https://livnao.com/covid19/,no,no,no,no,no,unknown,unknown,no,no,no,no,unknown,unknown,unknown,no,unknown,unknown,unknown,none,,,NORAM,released,2020-04-25,
COVID Alert,Canada,https://www.canada.ca/en/public-health/services/diseases/coronavirus-disease-covid-19/covid-alert/privacy-policy/assessment.html#a2,yes,yes,14 days,yes,yes,yes,yes,yes,yes,yes,yes,both,yes,yes,yes,yes,ble,yes,Apple/Google,"1,000,000",3.6,NORAM,released,2020-07-30,
flaat,Canada,https://app.flaat.io/,no,unknown,unknown,yes,yes,yes,yes,unknown,yes,yes,yes,iOS only,yes,yes,yes,yes,ble,yes,TCN,,,NORAM,cancelled,,
Alipay Health Code + Close Contact Detector,China,https://www.nytimes.com/2020/03/01/business/china-coronavirus-surveillance.html,yes,unknown,unknown,no,no,no,unknown,no,no,no,yes,both,no,no,no,unknown,ble + gps + qr code,unknown,none,,,WPRO,released,,
CoronApp,Colombia,https://coronaviruscolombia.gov.co/test/aislamiento-saludable/coronapp.html,yes,unknown,unknown,yes,unknown,yes,yes,yes,no,no,yes,both,yes,unknown,no,yes,no,unknown,OpenTrace,"10,000,000",3.7,LATAM,released,2020-03-15,
Stop COVID-19,Croatia,https://github.com/Stop-COVID-19-Croatia?language=java,yes,no,14 days,yes,yes,yes,yes,yes,yes,yes,yes,both,yes,yes,yes,yes,ble,yes,Apple/Google,"50,000",3.6,EURO,released,2020-07-21,
CovTracer,Cyprus,https://covid-19.rise.org.cy/en/,yes,no,14 days,yes,yes,yes,no (heatmap),yes,no,no,yes,both,yes,yes,yes,na,gps,unknown,SafePaths,"1,000",4.3,EURO,released,2020-05-15,
ERouška,Czechia,https://erouska.cz,yes,no,30 days,yes,yes,yes,yes,no,yes,yes,yes,both,yes,yes,no,yes,ble,yes,none,"1,000,000",3.8,EURO,released,2020-04-12,
Smittestop,Denmark,https://smittestop.dk/en,yes,yes,14 days,yes,yes,yes,yes,yes,no,yes,yes,both,yes,yes,yes,yes,ble,yes,Apple/Google,"500,000",2.7,EURO,released,2020-06-16,
ASI,Ecuador,https://asiecuador.com/,yes,no,14 days,yes,yes,yes,yes,yes,yes,yes,yes,both,yes,yes,yes,yes,ble,yes,DP3T,"500,000",3.3,LATAM,released,2020-08-01,
HOIA,Estonia,https://hoia.me/en/,yes,no,14 days,yes,yes,yes,yes,yes,yes,yes,yes,both,yes,yes,yes,yes,ble,yes,Apple/Google,"100,000",3.3,EURO,released,2020-08-17,
CoCOVID,EU,https://cocovid.info/,no,unknown,30 days,yes,yes,unknown,unknown,no,no,no,yes,unknown,yes,unknown,unknown,unknown,ble,unknown,none,,,EURO,cancelled,,
careFIJI,Fiji,https://carefiji.digitalfiji.gov.fj/,yes,no,28 days,yes,yes,yes,yes,no,no,yes,yes,both,yes,yes,no,yes,ble,yes,OpenTrace,"50,000",3.6,WPRO,released,2020-05-24,
Koronavilkku,Finland,https://koronavilkku.fi/en/,yes,no,21 days,yes,yes,yes,yes,yes,yes,yes,yes,both,yes,yes,yes,yes,ble,yes,Apple/Google,"1,000,000",3.6,EURO,released,2020-08-26,
TousAntiCovid,France,https://www.gouvernement.fr/info-coronavirus/tousanticovid,yes,yes,15 days,yes,yes,yes,no,no,no,yes,yes,both,yes,yes,yes,yes,ble,unknown,ROBERT,"5,000,000",3.5,EURO,released,2020-05-31,
Stop Covid,Georgia,https://play.google.com/store/apps/details?id=gov.georgia.novid20,yes,no,5 days,yes,yes,yes,yes,no,yes,yes,yes,both,yes,yes,no,no,ble,yes,PEPP-PT,"100,000",3.8,EURO,released,2020-04-04,
Corona GO,Germany,https://corona-go.de/,no,yes,yes,yes,yes,yes,yes,unknown,yes,yes,yes,unknown,unknown,yes,no,unknown,ble,unknown,PEPP-PT,,,EURO,cancelled,,2020-04-14
OHIOH,Germany,https://ohioh.de/,no,no,14 days,yes,yes,yes,yes,yes,yes,yes,yes,both,yes,yes,yes,yes,ble + gps,unknown,TCN,,,EURO,development,,
Cotect,Germany,https://cotect.launchaco.com/,no,no,14,yes,yes,yes,no,yes,yes,yes,yes,both,no,yes,no,na,gps,unknown,none,,,EURO,cancelled,,
Coronika,Germany,https://www.coronika.app/,no,no,no,yes,yes,yes,yes,no,yes,yes,yes,android only,yes,yes,na,na,na,na,none,"50,000",4.0,EURO,released,2020-03-19,
Pandoa,Germany,https://pandoa.org/,no,no,14 days,yes,yes,yes,unknown,yes,yes,yes,yes,both,yes,yes,yes,yes,gps,no (self-report),none,,,EURO,cancelled,,2020-04-25
Ito,Germany,https://www.ito-app.org/,no,no,yes,yes,yes,yes,yes,unknown,yes,no,yes,android only,yes,yes,yes,yes,ble,yes,TCN,,,EURO,cancelled,,
Corona-Warn-App,Germany,https://www.coronawarn.app/,yes,no,14 days,yes,yes,yes,yes,yes,yes,yes,yes,both,yes,yes,yes,yes,ble,yes,DP3T,"10,000,000",3.1,EURO,released,2020-06-11,
my co:radar,Germany,http://mycoradar.de/my-coradar-eu/,no,no,20 days,yes,yes,unknown,yes,yes,yes,yes,yes,android only,yes,yes,no,no,ble,unknown,none,,,EURO,cancelled,,2020-05-04
Plinks,Germany,https://plinks.io/,no,no,no,yes,yes,no,no (heatmap),no,yes,yes,yes,both,no,yes,no,na,gps + qr code,no,none,,,EURO,released,,
GH COVID-19 Tracker App,Ghana,https://ghcovid19.com/,yes,unknown,unknown,yes,yes,yes,no (heatmap),no,no,no,yes,both,no,unknown,no,no,cell tower location,unknown,none,"5,000",3.8,AFRO,released,2020-04-15,
Beat COVID Gibraltar,Gibraltar,https://www.gibraltar.gov.gi/beatcovidapp,yes,no,14 days,yes,yes,yes,yes,yes,no,yes,yes,both,yes,yes,unknown,yes,ble,unknown,none,"10,000",3.1,EURO,released,2020-06-17,
Covid Community Alert,Global,https://coronavirus-outbreak-control.github.io/web/index_en.html,no,unknown,14 days,yes,yes,unknown,unknown,yes,yes,no,yes,both,unknown,unknown,unknown,no,ble,unknown,none,,,,cancelled,,
Stay Home Safe,Hong Kong,https://www.coronavirus.gov.hk/eng/stay-home-safe.html,yes,unknown,no,no,no,no,no (quarantine),no,no,no,yes,both,no,no,na,no,ble + gps + wifi,na,none,"50,000",2.5,WPRO,released,2020-03-18,
Virus Radar,Hungary,https://virusradar.hu/,yes,no,30 days,yes,yes,yes,yes,yes,no,yes,yes,both,yes,yes,no,no,ble,unknown,none,"100,000",3.1,EURO,released,2020-05-10,
Rakning C-19,Iceland,https://www.covid.is/app/,yes,no,14 days,yes,yes,yes,yes,no,yes,yes,yes,both,yes,yes,no,na,gps,yes,none,"100,000",3.0,EURO,released,2020-03-31,
Aarogya Setu,India,https://theprint.in/opinion/india-can-prevent-long-term-lockdown-contain-covid-if-90-people-download-aarogya-setu/401116/,yes,no,45 days,no,no,no,unknown,no,yes,yes,yes,both,no,yes,no,no,ble + gps,yes,none,"100,000,000",4.1,SEARO,released,2020-04-02,
SMC COVID-19 Tracker,India,https://pib.gov.in/PressReleseDetailm.aspx?PRID=1613926,yes,no,no,no,no,no,no (quarantine),no,no,no,yes,android only,no,no,no,no,gps,yes,none,"100,000",3.1,SEARO,released,2020-04-03,
Unmaze,India,https://www.expresscomputer.in/news/indian-ai-startup-creates-app-that-alerts-presence-of-nearby-home-quarantined-people-for-coronavirus/52117/,no,no,no,no,no,no,no (quarantine),no,no,no,yes,unknown,no,no,na,na,gps,unknown,none,,,EURO,released,,
SAIYAM,India,https://government.economictimes.indiatimes.com/news/digital-india/pune-municipal-corporation-develops-saiyam-app-to-track-home-quarantine/75286114,yes,no,unknown,no,no,no,no (quarantine),no,no,no,yes,android only,no,no,no,no,gps,yes,none,"1,000",3.8,SEARO,released,2020-04-26,
COVID-19 Quarantine Monitor,India,https://play.google.com/store/apps/details?id=com.pixxonai.covid19&hl=en_US&gl=US,yes,no,unknown,no,no,no,no (quarantine),no,no,no,yes,android only,no,no,na,no,na,yes,none,"100,000",3.9,SEARO,released,2020-05-09,
Mahakavach,India,https://play.google.com/store/apps/details?id=com.mahakavach&hl=en_CA,yes,no,unknown,no,no,no,no (quarantine),no,no,no,yes,android only,no,unknown,no,no,gps,yes,none,"100,000",2.6,SEARO,released,2020-05-09,
Quarantine Watch,India,https://play.google.com/store/apps/details?id=com.bmc.qrtnwatch&hl=en_US&gl=US,yes,no,unknown,yes,yes,unknown,no (heatmap),no,no,no,yes,both,no,unknown,no,no,gps,yes,none,"100,000",3.2,SEARO,released,2020-03-27,
Quarantine Watch,India,https://www.business-standard.com/article/technology/quarantine-watch-karnataka-uses-apps-to-keep-track-of-people-under-watch-120040201641_1.html,yes,no,unknown,no,no,no,no (quarantine),no,no,no,yes,android only,no,no,no,no,gps,yes,none,"100,000",2.0,SEARO,released,2020-03-30,
PeduliLindungi,Indonesia,https://play.google.com/store/apps/details?id=com.telkom.tracencare,yes,no,14 days,yes,yes,unknown,unknown,yes,no,no,yes,both,yes,unknown,no,unknown,ble,unknown,none,"1,000,000",3.9,SEARO,released,2020-04-13,
Mask.ir,Iran,https://mask.ir/faq.html,yes,yes,no,yes,yes,no,unknown,no,no,yes,yes,both,no,yes,no,unknown,ble + gps + qr code,unknown,none,,,EMRO,released,,
COVID Tracker app,Ireland,https://covidtracker.gov.ie/,yes,yes,28 days,yes,yes,yes,yes,yes,yes,yes,yes,both,yes,yes,yes,yes,ble,yes,Apple/Google,"500,000",4.3,EURO,development,2020-06-24,
Code Orange,Israel,https://docs.google.com/document/d/1Nv_Uxt3ATyzaD-rY5nu-BU-CXNHvF9LblwdOFzWc0s4,yes,no,14 days,yes,yes,unknown,unknown,unknown,no,no,yes,both,unknown,unknown,no,na,gps,unknown,none,,,EMRO,cancelled,,2020-03-15
Track Virus,Israel,https://www.track-virus.com/,yes,no,unknown,yes,yes,yes,unknown,unknown,no,no,yes,both,yes,unknown,no,na,gps,yes,none,"100,000",3.4,EMRO,released,2020-03-31,
HaMagen,Israel,https://govextra.gov.il/ministry-of-health/hamagen-app/download-en/,no,no,14 days,yes,yes,yes,yes,yes,yes,no,yes,both,yes,yes,no,na,gps,yes,none,"1,000,000",3.9,EMRO,released,2020-03-22,
SM_Covid19,Italy,https://www.smcovid19.org/,no,unknown,30 days,yes,yes,yes,no (heatmap),unknown,no,yes,yes,both,yes,yes,no,yes,ble,unknown,ReCoVer,"50,000",4.0,EMRO,released,2020-03-31,
Immuni,Italy,https://www.nytimes.com/reuters/2020/04/17/technology/17reuters-health-coronavirus-italy-technology.html,yes,yes,14 days,yes,yes,yes,yes,yes,yes,yes,yes,both,yes,yes,yes,yes,ble,yes,Apple/Google,"1,000,000",3.8,EURO,released,2020-06-01,
diAry,Italy,https://covid19app.uniurb.it/en/diary-lets-stop-covid-19-together/,no,no,30 days,yes,yes,no (WOM vouchers),no,no,yes,yes,yes,both,yes,yes,no,na,gps,unknown,none,500,,EURO,development,,
COVID19Radar,Japan,https://lp-covid-19radarjapan.studio.design/,no,no,14 days,yes,yes,yes,unknown,no,yes,yes,yes,both,yes,yes,yes,yes,ble,yes,none,,,WPRO,released,2020-05-25,
COCOA,Japan,https://www.mhlw.go.jp/stf/seisakunitsuite/bunya/cocoa_00138.html,yes,no,14 days,yes,yes,yes,yes,yes,no,yes,yes,both,yes,yes,yes,yes,ble,yes,Apple/Google,"1,000,000",2.7,WPRO,released,2020-06-17,
Jersey COVID Alert,Jersey,https://covidalert.gov.je/Pages/default.aspx,yes,no,14 days,yes,yes,yes,yes,yes,yes,yes,yes,both,yes,yes,yes,yes,ble,yes,Apple/Google,"10,000",3.3,EURO,released,2020-10-12,
AMAN App,Jordan,https://www.amanapp.jo/en,yes,no,14 days,yes,yes,unknown,yes,yes,no,yes,yes,both,yes,yes,no,na,gps,yes,none,"500,000",4.4,EMRO,released,2020-05-21,
Saqbol,Kazakhstan,https://egov.kz/cms/en/information/about/Saqbol_mobileapp,yes,no,14 days,yes,yes,yes,yes,yes,no,yes,yes,both,yes,yes,yes,yes,ble,yes,Apple/Google,"100,000",1.8,EURO,released,2020-09-02,
Shlonik,Kuwait,https://play.google.com/store/apps/details?id=com.healthcarekw.app&hl=en_US,yes,no,unknown,yes,yes,no,no (quarantine),no,no,no,yes,android only,no,unknown,no,no,gps,unknown,none,"50,000",4.0,EMRO,released,2020-04-09,
Apturi Covid Latvia,Latvia,https://apturicovid.lv/#en,yes,no,14 days,yes,yes,yes,yes,yes,yes,yes,yes,both,yes,yes,yes,yes,ble,yes,Apple/Google,"50,000",3.5,EMRO,released,2020-05-26,
Korona Stop LT,Lithuania,https://koronastop.lrv.lt/en/,yes,yes,14 days,yes,yes,yes,yes,yes,no,yes,yes,both,yes,yes,yes,yes,ble,yes,Apple/Google,"100,000",2.1,EURO,released,2020-11-03,
MyTrace,Malaysia,https://www.malaysiakini.com/news/523824,yes,yes,unknown,yes,yes,unknown,unknown,no,no,no,yes,both,unknown,unknown,unknown,unknown,ble,yes,none,"100,000",3.9,WPRO,released,2020-04-22,
Gerak Malaysia,Malaysia,https://www.gerakmalaysia.gov.my/,yes,yes,no,no,no,no,unknown,no,no,yes,yes,both,no,unknown,no,no,gps,no,none,"1,000,000",3.3,WPRO,released,2020-04-12,
COVIDTrace,Malaysia,https://play.google.com/store/apps/details?id=com.sains.safetrace&hl=en_US,yes,no,14 days,yes,yes,yes,yes,no,no,yes,yes,both,yes,yes,no,yes,ble + qr code,yes,none,"50,000",3.3,WPRO,released,2020-05-05,
MySejahtera,Malaysia,https://mysejahtera.malaysia.gov.my/intro_en/,yes,no,no,yes,yes,unknown,no,no,no,yes,yes,both,no,yes,no,no,gps + qr code,unknown,none,"1,000,000",4.7,SEARO,released,2020-03-27,
COVID Alert Malta,Malta,https://covidalert.gov.mt/,yes,no,14 days,yes,yes,yes,yes,yes,yes,yes,yes,both,yes,yes,yes,yes,ble,yes,DP3T,"50,000",4.3,EURO,released,2020-09-02,
CovidRadar,Mexico,http://covidradar.mx/,yes,no,unknown,yes,yes,unknown,unknown,yes,no,yes,yes,both,unknown,unknown,unknown,unknown,ble,unknown,none,,,LATAM,released,2020-04-19,
Wiqaytna,Morocco,https://www.wiqaytna.ma/Default_Fr.aspx,yes,yes,21 days,yes,yes,yes,yes,no,yes,yes,yes,both,yes,yes,yes,yes,ble,yes,none,"1,000,000",4.3,EMRO,released,2020-05-31,
PrivateTracer,Netherlands,https://www.privatetracer.org/,no,unknown,unknown,yes,yes,yes,yes,no,yes,no,yes,both,yes,yes,yes,yes,ble,unknown,DP3T,,,EURO,cancelled,,
CoronaMelder,Netherlands,https://www.coronamelder.nl/en/,yes,no,14 days,yes,yes,yes,yes,yes,no,yes,yes,both,yes,yes,yes,yes,ble,yes,Apple/Google,"1,000,000",3.0,EURO,released,2020-08-15,
NZ COVID Tracer,New Zealand,https://tracing.covid19.govt.nz/,yes,unknown,31 days,yes,yes,unknown,yes,no,no,yes,yes,both,yes,yes,no,na,qr code,yes,none,"100,000",2.2,WPRO,released,2020-05-20,
StopKorona!,North Macedonia,https://stop.koronavirus.gov.mk/,yes,no,14 days,yes,yes,yes,yes,no,no,yes,yes,both,yes,yes,no,no,ble,yes,none,"50,000",3.1,EURO,released,2020-04-12,
StopCOVID NI,Northern Ireland,https://covid-19.hscni.net/stop-covid-ni-mobile-app/,yes,no,14 days,yes,yes,yes,yes,yes,yes,yes,yes,both,yes,yes,yes,yes,ble,yes,Apple/Google,"100,000",3.3,EURO,released,2020-07-28,
Smittestopp,Norway,https://helsenorge.no/smittestopp,yes,yes,30 days,yes,yes,yes,no (modelling),no,no,yes,yes,both,no,yes,no,no,ble + gps,yes,none,"100,000",2.2,EURO,released,2020-04-16,
PeruEnTusManos,Peru,https://play.google.com/store/apps/details?id=peruentusmanos.gob.pe,yes,no,14 days,yes,yes,unknown,no,no,no,no,yes,both,no,unknown,no,unknown,ble + gps,no (self-diagnosis),none,"1,000,000",2.9,LATAM,released,2020-04-03,
"
StaySafe PH",Philippines,https://www.staysafe.ph/,no,no,no,yes,yes,unknown,no (modelling),no,no,yes,yes,both,no,maybe,no,no,gps,unknown,none,"100,000",3.9,WPRO,released,2020-05-04,
ENDCoV,Philippines,https://endcov.org/,no,no,unknown,yes,yes,unknown,no (heatmap),no,no,yes,yes,android only,no,unknown,unknown,na,gps,unknown,none,"5,000",3.8,WPRO,released,2020-03-27,
WeTrace PH,Philippines,https://www.wetrace.ph/,yes,no,30 days,no,no,unknown,unknown,no,no,no,yes,both,unknown,unknown,unknown,na,gps,yes,none,"5,000",3.2,WPRO,released,2020-04-05,
ProteGO Safe,Poland,https://play.google.com/store/apps/details?id=pl.gov.mc.protegosafe&hl=en_US,yes,no,14 days,yes,yes,yes,yes,yes,yes,yes,yes,both,yes,yes,yes,yes,ble,yes,Apple/Google,"100,000",3.1,EURO,released,2020-04-19,
STAYAWAY COVID,Portugal,https://stayawaycovid.pt/landing-page/,yes,no,14 days,yes,yes,yes,yes,yes,no,yes,yes,both,yes,yes,yes,yes,ble,yes,Apple/Google,"1,000,000",2.8,EURO,released,2020-08-20,
Ehteraz,Qatar,https://portal.www.gov.qa/wps/portal/media-center/news/news-details/todeterminecoronavirustransmissionchainsehterazappisnowavailablefordownload,yes,no,no,no,no,no,unknown,no,no,no,yes,both,no,no,no,unknown,ble + gps,unknown,none,"1,000,000",3.7,EMRO,released,2020-04-25,
Contact Tracer,Russia,https://contacttracer.ru/,no,no,no,no,no,no,no,no,no,no,no,both,no,no,no,no,ble + gps,unknown,none,,,EURO,released,,
Social Monitoring,Russia,https://play.google.com/store/apps/details?id=ru.mos.app,yes,no,no,no,no,no,no (quarantine),no,no,yes,yes,both,no,no,na,na,gps,yes,none,"500,000",4.1,EURO,released,2020-03-25,
Tabaud,Saudi Arabia,https://tabaud.sdaia.gov.sa/,yes,no,14 days,yes,yes,yes,yes,yes,no,yes,yes,both,yes,yes,yes,yes,ble,unknown,Apple/Google,"500,000",4.4,EMRO,released,2020-06-12,
Tawakkalna,Saudi Arabia,https://play.google.com/store/apps/details?id=sa.gov.nic.tawakkalna&hl=en_CA,yes,no,no,no,no,no,no,no,no,no,yes,both,no,no,no,na,gps,unknown,none,"1,000,000",4.7,EMRO,released,2020-04-06,
Protect Scotland,Scotland,https://protect.scot/,yes,no,14 days,yes,yes,yes,yes,yes,yes,yes,yes,both,yes,yes,yes,yes,ble,yes,Apple/Google,"500,000",3.7,EURO,released,2020-09-06,
Daancovid19,Senegal,https://daancovid19.sn/,yes,unknown,15 days,yes,yes,unknown,yes,unknown,yes,yes,yes,android only,yes,yes,yes,yes,ble,unknown,Whisper,,,AFRO,cancelled,,
TraceTogether,Singapore,https://www.tracetogether.gov.sg/,yes,yes,25 days,yes,yes,yes,yes,no,yes,yes,yes,both,yes,yes,no,yes,ble,yes,OpenTrace,"1,000,000",4.2,WPRO,released,2020-02-18,
CovCT,Singapore,https://covct.org/,no,no,no,no,no,yes,yes,no,no,yes,yes,both,no,yes,no,na,qr code,yes,none,,,WPRO,released,,
Zostaň Zdravý,Slovakia,https://www.zostanzdravy.sk/,no,no,14 days,yes,yes,unknown,unknown,no,no,yes,yes,both,unknown,unknown,no,unknown,ble,unknown,none,,,EURO,released,2020-03-16,
#OstaniZdrav,Slovenia,https://www.gov.si/en/topics/coronavirus-disease-covid-19/the-ostanizdrav-mobile-application/,yes,no,14 days,yes,yes,yes,yes,yes,no,yes,yes,both,yes,yes,yes,yes,ble,yes,Apple/Google,"100,000",2.2,EURO,released,2020-08-11,
Covi-ID,South Africa,https://coviid.me/,no,no,unknown,yes,yes,no (public spaces),yes,yes,yes,yes,yes,both,yes,yes,yes,na,qr code,yes,none,100,,AFRO,cancelled,2020-04-30,
COVID Alert South Africa,South Africa,https://sacoronavirus.co.za/covidalert/,yes,no,14 days,yes,yes,yes,yes,yes,no,yes,yes,both,yes,yes,yes,yes,ble,yes,Apple/Google,"1,000,000",3.5,AFRO,released,2020-08-16,
Corona 100m (Co100),South Korea,https://play.google.com/store/apps/details?id=com.tina3d.corona100m&hl=en_US,yes,no,unknown,yes,yes,unknown,no (heatmap),no,no,yes,yes,both,no,unknown,no,no,ble + gps,yes,none,,,WPRO,released,,
Open Coronavirus,Spain,https://opencoronavirus.app/,no,no,14 days,yes,yes,no (digital passport),yes,unknown,yes,yes,yes,both,yes,yes,yes,yes,ble,yes,DP3T,,,EURO,released,,
Radar COVID,Spain,https://radarcovid.gob.es/,yes,no,14 days,yes,yes,yes,yes,yes,yes,yes,yes,both,yes,yes,yes,yes,ble,yes,DP3T,"1,000,000",2.8,EURO,released,2020-06-27,
WeTrace,Switzerland,https://wetrace.ch/,no,no,14 days,yes,yes,unknown,yes,yes,yes,yes,yes,both,yes,yes,yes,yes,ble,unknown,none,,,WPRO,cancelled,2020-04-19,
SwissCOVID,Switzerland,https://play.google.com/store/apps/details?id=ch.admin.bag.dp3t&hl=en_US,yes,yes,14 days,yes,yes,yes,yes,yes,yes,yes,yes,both,yes,yes,yes,yes,ble,yes,DP3T,"500,000",3.6,EURO,released,2020-05-22,
MyLog14,Taiwan,https://devpost.com/software/mylog14,no,no,14 days,yes,yes,no,no,no,yes,no,yes,both,yes,yes,unknown,unknown,gps,unknown,none,,,WPRO,cancelled,2020-07-07,
MorChana,Thailand,https://apps.apple.com/th/app/allthaialert/id1505185420?_branch_match_id=719443404369189740&utm_source=10april&utm_campaign=10april&utm_medium=marketing,yes,unknown,unknown,yes,yes,unknown,unknown,no,no,yes,yes,both,no,unknown,no,unknown,gps,unknown,none,"100,000",4.2,SEARO,released,2020-04-01,
E7mi,Tunisia,https://www.e7mi.tn/,yes,no,14 days,yes,yes,unknown,unknown,yes,no,yes,yes,both,no,unknown,no,yes,ble,unknown,none,"10,000",4.2,EMRO,released,2020-05-09,
Hayat Eve Sığar,Turkey,https://hayatevesigar.saglik.gov.tr/,yes,unknown,unknown,no,no,no (travel),no (heatmap),no,no,yes,yes,both,no,unknown,no,unknown,ble + gps + qr code,unknown,none,"10,000,000",4.0,EMRO,released,2020-04-13,
TraceCovid,UAE,https://tracecovid.ae/,yes,no,unknown,yes,yes,unknown,yes,yes,no,yes,yes,both,yes,no,no,yes,ble,unknown,none,"100,000",3.6,EMRO,released,2020-04-05,
ALHOSN UAE,UAE,https://play.google.com/store/apps/details?id=doh.health.shield&hl=en_US,yes,no,21 days,yes,yes,unknown,yes,no,no,no,yes,both,no,unknown,no,unknown,ble,yes,none,"500,000",3.8,EMRO,released,2020-04-06,
NHS COVID-19,United Kingdom,https://play.google.com/store/apps/details?id=uk.nhs.nhsx.colocate&hl=en_US,yes,unknown,yes,yes,yes,unknown,unknown,unknown,no,no,yes,both,yes,yes,yes,yes,ble,unknown,Apple/Google,"50,000",,EURO,released,2020-08-11,
SafeTrace,United States,https://github.com/enigmampc/SafeTrace,no,no,yes,yes,yes,unknown,unknown,unknown,yes,yes,yes,both,yes,yes,yes,yes,kml,no,TCN,,,NORAM,cancelled,,
CoronaTrace,United States,https://www.coronatrace.org/,no,no,28 days,yes,yes,unknown,unknown,unknown,no,yes,yes,both,yes,yes,yes,na,gps,no,SafePaths,,,NORAM,development,,
Coalition,United States,http://CoalitionNetwork.org,no,no,15 days,yes,yes,yes,yes,yes,yes,yes,yes,both,yes,yes,yes,yes,ble,yes,Whisper,"1,000",4.2,NORAM,released,2020-04-10,
Contact Tracing,United States,https://apps.apple.com/us/app/contact-tracing/id1504531104,no,no,14 days,yes,yes,unknown,unknown,no,no,yes,yes,both,no,yes,unknown,unknown,gps,unknown,none,,,NORAM,released,2020-04-04,
SafePass,United States,https://citizen.com/safepass,no,no,30 days,yes,yes,unknown,no,no,no,no,yes,both,no,yes,no,unknown,ble,yes,none,"1,000,000",4.4,NORAM,released,2020-06-25,
CoEpi,United States,https://www.coepi.org,no,no,yes,yes,yes,yes,yes,yes,yes,yes,yes,both,yes,yes,yes,yes,ble,no,TCN,,,NORAM,development,,
Safe2,United States,https://safe2.org/,no,no,14 days,yes,yes,unknown,no (heatmap),yes,yes,yes,yes,both,no,yes,yes,yes,ble + gps,no,Safe2,,,NORAM,development,,
COVID Watch,United States,https://www.covid-watch.org/,no,no,yes,yes,yes,unknown,unknown,unknown,yes,yes,yes,both,yes,yes,yes,yes,ble,unknown,TCN,,,NORAM,development,,
NOVID,United States,https://www.novid.org/,no,no,yes,yes,yes,yes,yes,yes,no,yes,yes,both,yes,yes,yes,yes,ble + ultrasound,unknown,TCN,"10,000",4.2,NORAM,released,2020-05-01,
Opendemic,United States,https://www.opendemic.org/,no,no,unknown,yes,yes,yes,unknown,yes,yes,yes,yes,both,no,unknown,na,na,gps,no,none,,,NORAM,cancelled,2020-03-17,
ZeroBase,United States,https://www.zerobase.io/,no,no,unknown,yes,yes,unknown,unknown,yes,no,yes,yes,both,no,unknown,no,na,qr code,unknown,none,,,NORAM,released,2020-04-05,
GuideSafe,United States (AL),https://www.guidesafe.org/exposure-notification-app/#signup,yes,no,14 days,yes,yes,yes,yes,yes,no,yes,yes,both,yes,yes,yes,yes,ble,yes,Apple/Google,"100,000",3.5,NORAM,released,2020-08-11,
Covid Watch Arizona,United States (AZ),https://www.covidwatch.org/,yes,no,14 days,yes,yes,yes,yes,yes,yes,yes,yes,both,yes,yes,yes,yes,ble,yes,Apple/Google,"5,000",3.8,NORAM,released,2020-08-06,
CA Notify,United States (CA),https://canotify.uchealth.edu/,yes,no,14 days,yes,yes,yes,yes,yes,no,yes,yes,both,yes,yes,yes,yes,ble,yes,Apple/Google,"500,000",3.4,NORAM,development,2020-12-07,
CO Exposure Notifications,United States (CO),https://covid19.colorado.gov/Exposure-notifications,yes,no,14 days,yes,yes,yes,yes,yes,no,yes,yes,both,yes,yes,yes,yes,ble,yes,Apple/Google,"100,000",3.3,NORAM,released,2020-10-18,
COVID Alert CT,United States (CT),https://portal.ct.gov/coronavirus/covidalertCT/homepage,yes,no,14 days,yes,yes,yes,yes,yes,no,yes,yes,both,yes,yes,yes,yes,ble,yes,Apple/Google,"50,000",3.8,NORAM,released,2020-10-29,
DC CAN,United States (DC),https://coronavirus.dc.gov/dccan,yes,no,14 days,yes,yes,yes,yes,yes,no,yes,yes,both,yes,yes,yes,yes,ble,yes,Apple/Google,"10,000",4.1,NORAM,released,2020-10-14,
COVID Alert DE,United States (DE),https://coronavirus.delaware.gov/covidalert/,yes,no,14 days,yes,yes,yes,yes,yes,no,yes,yes,both,yes,yes,yes,yes,ble,yes,Apple/Google,"10,000",4.3,NORAM,released,2020-09-13,
Guam COVID Alert,United States (Guam),https://guamcovidalert.guam.gov/,yes,no,14 days,yes,yes,yes,yes,yes,no,yes,yes,both,yes,yes,yes,yes,ble,yes,Apple/Google,"10,000",4.4,WPRO,released,2020-08-25,
AlohaSafe Alert,United States (HI),http://alohasafealert.org/,yes,no,14 days,yes,yes,yes,yes,yes,no,yes,yes,both,yes,yes,yes,yes,ble,yes,Apple/Google,"1,000",4.4,NORAM,released,2020-11-10,
COVID Defense,United States (LA),https://www.coviddefensela.com/,yes,no,14 days,yes,yes,yes,yes,yes,yes,yes,yes,both,yes,yes,yes,yes,ble,yes,Apple/Google,"5,000",4.1,NORAM,released,2021-01-18,
MD COVID Alert,United States (MD),https://covidlink.maryland.gov/content/mdcovidalert/,yes,no,14 days,yes,yes,yes,yes,yes,no,yes,yes,both,yes,yes,yes,yes,ble,yes,Apple/Google,"100,000",3.5,NORAM,released,2020-11-09,
MI COVID Alert,United States (MI),"https://www.michigan.gov/coronavirus/0,9753,7-406-99891_102592---,00.html",yes,no,14 days,yes,yes,yes,yes,yes,no,yes,yes,both,yes,yes,yes,yes,ble,yes,Apple/Google,"100,000",3.2,NORAM,released,2020-10-12,
COVIDaware MN,United States (MN),https://covidawaremn.com/,yes,no,14 days,yes,yes,yes,yes,yes,yes,yes,yes,both,yes,yes,yes,yes,ble,yes,Apple/Google,"100,000",3.5,NORAM,released,2020-11-17,
SlowCOVIDNC,United States (NC),https://covid19.ncdhhs.gov/slowcovidnc,yes,no,14 days,yes,yes,yes,yes,yes,no,yes,yes,both,yes,yes,yes,yes,ble,yes,Apple/Google,"100,000",4.0,NORAM,released,2020-09-15,
Care19 Alert,"United States (ND, WY)",https://www.care19.app/,yes,no,14 days,yes,yes,yes,no,yes,no,yes,yes,both,no,yes,yes,yes,ble,yes,Apple/Google,"10,000",3.4,NORAM,released,2020-08-11,
COVID Alert NJ,United States (NJ),https://covid19.nj.gov/pages/app,yes,no,14 days,yes,yes,yes,yes,yes,no,yes,yes,both,yes,yes,yes,yes,ble,yes,Apple/Google,"100,000",4.2,NORAM,released,2020-09-23,
COVID Trace Nevada,United States (NV),https://nvhealthresponse.nv.gov/covidtrace/,yes,no,14 days,yes,yes,yes,yes,yes,no,yes,yes,both,yes,yes,yes,yes,ble,yes,Apple/Google,"50,000",3.1,NORAM,released,2020-08-21,
COVID Alert NY,United States (NY),https://coronavirus.health.ny.gov/covid-alert-ny/,yes,no,14 days,yes,yes,yes,no,no,no,yes,yes,both,yes,yes,yes,yes,ble,yes,Apple/Google,"500,000",3.9,NORAM,released,2020-09-29,
Oregon Exposure Notifications,United States (OR),https://covid.oregonstate.edu/exposure,yes,no,14 days,yes,yes,yes,yes,yes,no,yes,yes,both,yes,yes,yes,yes,ble,yes,Apple/Google,,,NORAM,development,,
COVID Alert PA,United States (PA),https://www.pa.gov/covid/covid-alert-pa/,yes,no,14 days,yes,yes,yes,yes,no,no,yes,yes,both,yes,yes,yes,yes,ble,yes,Apple/Google,"50,000",4.2,NORAM,released,2020-09-10,
Rastrea El Virus,United States (PR),https://rastreaelvirus.com/,yes,no,14 days,yes,yes,yes,no,no,no,yes,yes,both,yes,yes,yes,yes,ble,yes,Apple/Google,100,,NORAM,development,,
COVIDWISE,United States (VA),https://www.vdh.virginia.gov/covidwise/,yes,no,14 days,yes,yes,yes,yes,yes,no,yes,yes,both,yes,yes,yes,yes,ble,yes,Apple/Google,"100,000",4.3,NORAM,released,2020-08-03,
WA Notify,United States (WA),https://wanotify.uw.edu/index.html,yes,no,14 days,yes,yes,yes,yes,yes,no,yes,yes,both,yes,yes,yes,yes,ble,yes,Apple/Google,"100,000",3.6,NORAM,released,2020-10-28,
WI Exposure Notification,United States (WI),https://www.dhs.wisconsin.gov/covid-19/notification.htm,yes,no,14 days,yes,yes,yes,yes,yes,no,yes,yes,both,yes,yes,yes,yes,ble,yes,Apple/Google,"100,000",3.9,NORAM,released,2020-12-20,
Coronavirus UY,Uruguay,https://www.gub.uy/ministerio-salud-publica/coronavirus,yes,no,14 days,yes,yes,unknown,unknown,unknown,no,yes,yes,both,yes,unknown,yes,yes,ble,yes,Apple/Google,"500,000",3.8,LATAM,released,2020-03-19,
NCOVI,Viet Nam,https://ncov.moh.gov.vn/,yes,no,unknown,no,no,no,no (quarantine),no,no,no,yes,both,no,no,no,na,qr code,unknown,none,"1,000,000",7,WPRO,released,2020-03-11,
BlueZone,Vietnam,https://bluezone.ai/,yes,no,14 days,yes,yes,yes,yes,yes,yes,yes,yes,both,yes,yes,no,no,ble,yes,none,"100,000",4.1,WPRO,released,2020-04-17,